StarID,ProperName,X,Y,Z
0,Sol,0,0,0
1,,282.43485,0.00449,5.36884
2,,43.04329,0.00285,-15.24144